tokenId,mappedId
"86183687183603793108320826266155603664391186218806717785568405633101373374465",1
"86183687183603793108320826266155603664391186218806717785568405634200885002241",2
"86183687183603793108320826266155603664391186218806717785568405635300396630017",3
"86183687183603793108320826266155603664391186218806717785568405636399908257793",4
"86183687183603793108320826266155603664391186218806717785568405637499419885569",5
"86183687183603793108320826266155603664391186218806717785568405638598931513345",6
"86183687183603793108320826266155603664391186218806717785568405639698443141121",7
"86183687183603793108320826266155603664391186218806717785568405640797954768897",8
"86183687183603793108320826266155603664391186218806717785568405641897466396673",9
"86183687183603793108320826266155603664391186218806717785568405642996978024449",10
"86183687183603793108320826266155603664391186218806717785568405644096489652225",11
"86183687183603793108320826266155603664391186218806717785568405645196001280001",12
"86183687183603793108320826266155603664391186218806717785568405646295512907777",13
"86183687183603793108320826266155603664391186218806717785568405647395024535553",14
"86183687183603793108320826266155603664391186218806717785568405648494536163329",15
"86183687183603793108320826266155603664391186218806717785568405649594047791105",16
"86183687183603793108320826266155603664391186218806717785568405650693559418881",17
"86183687183603793108320826266155603664391186218806717785568405652892582674433",19
"86183687183603793108320826266155603664391186218806717785568405653992094302209",20
"86183687183603793108320826266155603664391186218806717785568405655091605929985",21
"86183687183603793108320826266155603664391186218806717785568405656191117557761",22
"86183687183603793108320826266155603664391186218806717785568405657290629185537",23
"86183687183603793108320826266155603664391186218806717785568405658390140813313",24
"86183687183603793108320826266155603664391186218806717785568405660589164068865",26
"86183687183603793108320826266155603664391186218806717785568405661688675696641",27
"86183687183603793108320826266155603664391186218806717785568405662788187324417",28
"86183687183603793108320826266155603664391186218806717785568405663887698952193",29
"86183687183603793108320826266155603664391186218806717785568405664987210579969",30
"86183687183603793108320826266155603664391186218806717785568405666086722207745",31
"86183687183603793108320826266155603664391186218806717785568405667186233835521",32
"86183687183603793108320826266155603664391186218806717785568405668285745463297",33
"86183687183603793108320826266155603664391186218806717785568405669385257091073",34
"86183687183603793108320826266155603664391186218806717785568405670484768718849",35
"86183687183603793108320826266155603664391186218806717785568405671584280346625",36
"86183687183603793108320826266155603664391186218806717785568405672683791974401",37
"86183687183603793108320826266155603664391186218806717785568405673783303602177",38
"86183687183603793108320826266155603664391186218806717785568405674882815229953",39
"86183687183603793108320826266155603664391186218806717785568405675982326857729",40
"86183687183603793108320826266155603664391186218806717785568405677081838485505",41
"86183687183603793108320826266155603664391186218806717785568405678181350113281",42
"86183687183603793108320826266155603664391186218806717785568405679280861741057",43
"86183687183603793108320826266155603664391186218806717785568405680380373368833",44
"86183687183603793108320826266155603664391186218806717785568405681479884996609",45
"86183687183603793108320826266155603664391186218806717785568405682579396624385",46
"86183687183603793108320826266155603664391186218806717785568405683678908252161",47
"86183687183603793108320826266155603664391186218806717785568405684778419879937",48
"86183687183603793108320826266155603664391186218806717785568405685877931507713",49
"86183687183603793108320826266155603664391186218806717785568405686977443135489",50
"86183687183603793108320826266155603664391186218806717785568405688076954763265",51
"86183687183603793108320826266155603664391186218806717785568405689176466391041",52
"86183687183603793108320826266155603664391186218806717785568405690275978018817",53
"86183687183603793108320826266155603664391186218806717785568405691375489646593",54
"86183687183603793108320826266155603664391186218806717785568405692475001274369",55
"86183687183603793108320826266155603664391186218806717785568405693574512902145",56
"86183687183603793108320826266155603664391186218806717785568405694674024529921",57
"86183687183603793108320826266155603664391186218806717785568405695773536157697",58
"86183687183603793108320826266155603664391186218806717785568405696873047785473",59
"86183687183603793108320826266155603664391186218806717785568405697972559413249",60
"86183687183603793108320826266155603664391186218806717785568405699072071041025",61
"86183687183603793108320826266155603664391186218806717785568405700171582668801",62
"86183687183603793108320826266155603664391186218806717785568405701271094296577",63
"86183687183603793108320826266155603664391186218806717785568405702370605924353",64
"86183687183603793108320826266155603664391186218806717785568405703470117552129",65
"86183687183603793108320826266155603664391186218806717785568405704569629179905",66
"86183687183603793108320826266155603664391186218806717785568405705669140807681",67
"86183687183603793108320826266155603664391186218806717785568405706768652435457",68
"86183687183603793108320826266155603664391186218806717785568405707868164063233",69
"86183687183603793108320826266155603664391186218806717785568405708967675691009",70
"86183687183603793108320826266155603664391186218806717785568405710067187318785",71
"86183687183603793108320826266155603664391186218806717785568405711166698946561",72
"86183687183603793108320826266155603664391186218806717785568405712266210574337",73
"86183687183603793108320826266155603664391186218806717785568405713365722202113",74
"86183687183603793108320826266155603664391186218806717785568405714465233829889",75
"86183687183603793108320826266155603664391186218806717785568405715564745457665",76
"86183687183603793108320826266155603664391186218806717785568405716664257085441",77
"86183687183603793108320826266155603664391186218806717785568405717763768713217",78
"86183687183603793108320826266155603664391186218806717785568405718863280340993",79
"86183687183603793108320826266155603664391186218806717785568405719962791968769",80
"86183687183603793108320826266155603664391186218806717785568405721062303596545",81
"86183687183603793108320826266155603664391186218806717785568405722161815224321",82
"86183687183603793108320826266155603664391186218806717785568405723261326852097",83
"86183687183603793108320826266155603664391186218806717785568405724360838479873",84
"86183687183603793108320826266155603664391186218806717785568405725460350107649",85
"86183687183603793108320826266155603664391186218806717785568405726559861735425",86
"86183687183603793108320826266155603664391186218806717785568405727659373363201",87
"86183687183603793108320826266155603664391186218806717785568405728758884990977",88
"86183687183603793108320826266155603664391186218806717785568405729858396618753",89
"86183687183603793108320826266155603664391186218806717785568405730957908246529",90
"86183687183603793108320826266155603664391186218806717785568405732057419874305",91
"86183687183603793108320826266155603664391186218806717785568405733156931502081",92
"86183687183603793108320826266155603664391186218806717785568405734256443129857",93
"86183687183603793108320826266155603664391186218806717785568405735355954757633",94
"86183687183603793108320826266155603664391186218806717785568405736455466385409",95
"86183687183603793108320826266155603664391186218806717785568405737554978013185",96
"86183687183603793108320826266155603664391186218806717785568405738654489640961",97
"86183687183603793108320826266155603664391186218806717785568405739754001268737",98
"86183687183603793108320826266155603664391186218806717785568405740853512896513",99
"86183687183603793108320826266155603664391186218806717785568405741953024524289",100
"86183687183603793108320826266155603664391186218806717785568405743052536152065",101
"86183687183603793108320826266155603664391186218806717785568405744152047779841",102
"86183687183603793108320826266155603664391186218806717785568405745251559407617",103
"86183687183603793108320826266155603664391186218806717785568405746351071035393",104
"86183687183603793108320826266155603664391186218806717785568405747450582663169",105
"86183687183603793108320826266155603664391186218806717785568405748550094290945",106
"86183687183603793108320826266155603664391186218806717785568405749649605918721",107
"86183687183603793108320826266155603664391186218806717785568405750749117546497",108
"86183687183603793108320826266155603664391186218806717785568405751848629174273",109
"86183687183603793108320826266155603664391186218806717785568405752948140802049",110
"86183687183603793108320826266155603664391186218806717785568405754047652429825",111
"86183687183603793108320826266155603664391186218806717785568405755147164057601",112
"86183687183603793108320826266155603664391186218806717785568405756246675685377",113
"86183687183603793108320826266155603664391186218806717785568405757346187313153",114
"86183687183603793108320826266155603664391186218806717785568405758445698940929",115
"86183687183603793108320826266155603664391186218806717785568405759545210568705",116
"86183687183603793108320826266155603664391186218806717785568405760644722196481",117
"86183687183603793108320826266155603664391186218806717785568405761744233824257",118
"86183687183603793108320826266155603664391186218806717785568405762843745452033",119
"86183687183603793108320826266155603664391186218806717785568405763943257079809",120
"86183687183603793108320826266155603664391186218806717785568405765042768707585",121
"86183687183603793108320826266155603664391186218806717785568405766142280335361",122
"86183687183603793108320826266155603664391186218806717785568405767241791963137",123
"86183687183603793108320826266155603664391186218806717785568405768341303590913",124
"86183687183603793108320826266155603664391186218806717785568405769440815218689",125
"86183687183603793108320826266155603664391186218806717785568405770540326846465",126
"86183687183603793108320826266155603664391186218806717785568405771639838474241",127
"86183687183603793108320826266155603664391186218806717785568405772739350102017",128
"86183687183603793108320826266155603664391186218806717785568405773838861729793",129
"86183687183603793108320826266155603664391186218806717785568405774938373357569",130
"86183687183603793108320826266155603664391186218806717785568405776037884985345",131
"86183687183603793108320826266155603664391186218806717785568405777137396613121",132
"86183687183603793108320826266155603664391186218806717785568405778236908240897",133
"86183687183603793108320826266155603664391186218806717785568405779336419868673",134
"86183687183603793108320826266155603664391186218806717785568405780435931496449",135
"86183687183603793108320826266155603664391186218806717785568405781535443124225",136
"86183687183603793108320826266155603664391186218806717785568405782634954752001",137
"86183687183603793108320826266155603664391186218806717785568405783734466379777",138
"86183687183603793108320826266155603664391186218806717785568405784833978007553",139
"86183687183603793108320826266155603664391186218806717785568405785933489635329",140
"86183687183603793108320826266155603664391186218806717785568405787033001263105",141
"86183687183603793108320826266155603664391186218806717785568405788132512890881",142
"86183687183603793108320826266155603664391186218806717785568405789232024518657",143
"86183687183603793108320826266155603664391186218806717785568405790331536146433",144
"86183687183603793108320826266155603664391186218806717785568405791431047774209",145
"86183687183603793108320826266155603664391186218806717785568405792530559401985",146
"86183687183603793108320826266155603664391186218806717785568405793630071029761",147
"86183687183603793108320826266155603664391186218806717785568405794729582657537",148
"86183687183603793108320826266155603664391186218806717785568405795829094285313",149
"86183687183603793108320826266155603664391186218806717785568405796928605913089",150
"86183687183603793108320826266155603664391186218806717785568405798028117540865",151
"86183687183603793108320826266155603664391186218806717785568405799127629168641",152
"86183687183603793108320826266155603664391186218806717785568405800227140796417",153
"86183687183603793108320826266155603664391186218806717785568405801326652424193",154
"86183687183603793108320826266155603664391186218806717785568405802426164051969",155
"86183687183603793108320826266155603664391186218806717785568405803525675679745",156
"86183687183603793108320826266155603664391186218806717785568405804625187307521",157
"86183687183603793108320826266155603664391186218806717785568405805724698935297",158
"86183687183603793108320826266155603664391186218806717785568405806824210563073",159
"86183687183603793108320826266155603664391186218806717785568405807923722190849",160
"86183687183603793108320826266155603664391186218806717785568405809023233818625",161
"86183687183603793108320826266155603664391186218806717785568405810122745446401",162
"86183687183603793108320826266155603664391186218806717785568405811222257074177",163
"86183687183603793108320826266155603664391186218806717785568405812321768701953",164
"86183687183603793108320826266155603664391186218806717785568405813421280329729",165
"86183687183603793108320826266155603664391186218806717785568405814520791957505",166
"86183687183603793108320826266155603664391186218806717785568405815620303585281",167
"86183687183603793108320826266155603664391186218806717785568405816719815213057",168
"86183687183603793108320826266155603664391186218806717785568405817819326840833",169
"86183687183603793108320826266155603664391186218806717785568405818918838468609",170
"86183687183603793108320826266155603664391186218806717785568405820018350096385",171
"86183687183603793108320826266155603664391186218806717785568405821117861724161",172
"86183687183603793108320826266155603664391186218806717785568405822217373351937",173
"86183687183603793108320826266155603664391186218806717785568405823316884979713",174
"86183687183603793108320826266155603664391186218806717785568405824416396607489",175
"86183687183603793108320826266155603664391186218806717785568405825515908235265",176
"86183687183603793108320826266155603664391186218806717785568405826615419863041",177
"86183687183603793108320826266155603664391186218806717785568405827714931490817",178
"86183687183603793108320826266155603664391186218806717785568405828814443118593",179
"86183687183603793108320826266155603664391186218806717785568405829913954746369",180
"86183687183603793108320826266155603664391186218806717785568405831013466374145",181
"86183687183603793108320826266155603664391186218806717785568405832112978001921",182
"86183687183603793108320826266155603664391186218806717785568405833212489629697",183
"86183687183603793108320826266155603664391186218806717785568405834312001257473",184
"86183687183603793108320826266155603664391186218806717785568405835411512885249",185
"86183687183603793108320826266155603664391186218806717785568405836511024513025",186
"86183687183603793108320826266155603664391186218806717785568405837610536140801",187
"86183687183603793108320826266155603664391186218806717785568405838710047768577",188
"86183687183603793108320826266155603664391186218806717785568405839809559396353",189
"86183687183603793108320826266155603664391186218806717785568405840909071024129",190
"86183687183603793108320826266155603664391186218806717785568405842008582651905",191
"86183687183603793108320826266155603664391186218806717785568405843108094279681",192
"86183687183603793108320826266155603664391186218806717785568405844207605907457",193
"86183687183603793108320826266155603664391186218806717785568405845307117535233",194
"86183687183603793108320826266155603664391186218806717785568405846406629163009",195
"86183687183603793108320826266155603664391186218806717785568405847506140790785",196
"86183687183603793108320826266155603664391186218806717785568405848605652418561",197
"50586045322935652405689262764889663081015802704882758935723149528668475228161",489
"86183687183603793108320826266155603664391186218806717785568405849705164046337",198
"50586045322935652405689262764889663081015802704882758935723149529767986855937",490
"86183687183603793108320826266155603664391186218806717785568405850804675674113",199
"86183687183603793108320826266155603664391186218806717785568405851904187301889",200
"50586045322935652405689262764889663081015802704882758935723149531967010111489",491
"86183687183603793108320826266155603664391186218806717785568405853003698929665",201
"86183687183603793108320826266155603664391186218806717785568405854103210557441",202
"50586045322935652405689262764889663081015802704882758935723149533066521739265",492
"50586045322935652405689262764889663081015802704882758935723149534166033367041",493
"86183687183603793108320826266155603664391186218806717785568405855202722185217",203
"86183687183603793108320826266155603664391186218806717785568405856302233812993",204
"50586045322935652405689262764889663081015802704882758935723149535265544994817",494
"86183687183603793108320826266155603664391186218806717785568405857401745440769",205
"50586045322935652405689262764889663081015802704882758935723149536365056622593",495
"86183687183603793108320826266155603664391186218806717785568405858501257068545",206
"50586045322935652405689262764889663081015802704882758935723149537464568250369",496
"50586045322935652405689262764889663081015802704882758935723149538564079878145",497
"86183687183603793108320826266155603664391186218806717785568405859600768696321",207
"86183687183603793108320826266155603664391186218806717785568405860700280324097",208
"50586045322935652405689262764889663081015802704882758935723149539663591505921",440
"86183687183603793108320826266155603664391186218806717785568406115786977968129",440
"50586045322935652405689262764889663081015802704882758935723149540763103133697",25
"86183687183603793108320826266155603664391186218806717785568405861799791951873",209
"50586045322935652405689262764889663081015802704882758935723149541862614761473",18
"86183687183603793108320826266155603664391186218806717785568405862899303579649",210
"86183687183603793108320826266155603664391186218806717785568405863998815207425",211
"86183687183603793108320826266155603664391186218806717785568405865098326835201",212
"86183687183603793108320826266155603664391186218806717785568405866197838462977",213
"86183687183603793108320826266155603664391186218806717785568405867297350090753",214
"86183687183603793108320826266155603664391186218806717785568405868396861718529",215
"86183687183603793108320826266155603664391186218806717785568405869496373346305",216
"86183687183603793108320826266155603664391186218806717785568405870595884974081",217
"86183687183603793108320826266155603664391186218806717785568405871695396601857",218
"86183687183603793108320826266155603664391186218806717785568405872794908229633",219
"86183687183603793108320826266155603664391186218806717785568405873894419857409",220
"86183687183603793108320826266155603664391186218806717785568405874993931485185",221
"86183687183603793108320826266155603664391186218806717785568405876093443112961",222
"86183687183603793108320826266155603664391186218806717785568405877192954740737",223
"86183687183603793108320826266155603664391186218806717785568405878292466368513",224
"86183687183603793108320826266155603664391186218806717785568405879391977996289",225
"86183687183603793108320826266155603664391186218806717785568405880491489624065",226
"86183687183603793108320826266155603664391186218806717785568405881591001251841",227
"86183687183603793108320826266155603664391186218806717785568405882690512879617",228
"86183687183603793108320826266155603664391186218806717785568405883790024507393",229
"86183687183603793108320826266155603664391186218806717785568405884889536135169",230
"86183687183603793108320826266155603664391186218806717785568405885989047762945",231
"86183687183603793108320826266155603664391186218806717785568405887088559390721",232
"86183687183603793108320826266155603664391186218806717785568405888188071018497",233
"86183687183603793108320826266155603664391186218806717785568405889287582646273",234
"86183687183603793108320826266155603664391186218806717785568405890387094274049",235
"86183687183603793108320826266155603664391186218806717785568405891486605901825",236
"86183687183603793108320826266155603664391186218806717785568405892586117529601",237
"86183687183603793108320826266155603664391186218806717785568405893685629157377",238
"86183687183603793108320826266155603664391186218806717785568405894785140785153",239
"86183687183603793108320826266155603664391186218806717785568405895884652412929",240
"86183687183603793108320826266155603664391186218806717785568405896984164040705",241
"86183687183603793108320826266155603664391186218806717785568405898083675668481",242
"86183687183603793108320826266155603664391186218806717785568405899183187296257",243
"86183687183603793108320826266155603664391186218806717785568405900282698924033",244
"86183687183603793108320826266155603664391186218806717785568405901382210551809",245
"86183687183603793108320826266155603664391186218806717785568405902481722179585",246
"86183687183603793108320826266155603664391186218806717785568405903581233807361",247
"86183687183603793108320826266155603664391186218806717785568405904680745435137",248
"86183687183603793108320826266155603664391186218806717785568405905780257062913",249
"86183687183603793108320826266155603664391186218806717785568405906879768690689",250
"86183687183603793108320826266155603664391186218806717785568405907979280318465",251
"86183687183603793108320826266155603664391186218806717785568405909078791946241",252
"86183687183603793108320826266155603664391186218806717785568405910178303574017",253
"86183687183603793108320826266155603664391186218806717785568405911277815201793",254
"86183687183603793108320826266155603664391186218806717785568405912377326829569",255
"86183687183603793108320826266155603664391186218806717785568405913476838457345",256
"86183687183603793108320826266155603664391186218806717785568405914576350085121",257
"86183687183603793108320826266155603664391186218806717785568405915675861712897",258
"86183687183603793108320826266155603664391186218806717785568405916775373340673",259
"86183687183603793108320826266155603664391186218806717785568405917874884968449",260
"86183687183603793108320826266155603664391186218806717785568405918974396596225",261
"86183687183603793108320826266155603664391186218806717785568405920073908224001",262
"86183687183603793108320826266155603664391186218806717785568405921173419851777",263
"86183687183603793108320826266155603664391186218806717785568405922272931479553",264
"86183687183603793108320826266155603664391186218806717785568405923372443107329",265
"86183687183603793108320826266155603664391186218806717785568405924471954735105",266
"86183687183603793108320826266155603664391186218806717785568405925571466362881",267
"86183687183603793108320826266155603664391186218806717785568405926670977990657",268
"86183687183603793108320826266155603664391186218806717785568405927770489618433",269
"86183687183603793108320826266155603664391186218806717785568405928870001246209",270
"86183687183603793108320826266155603664391186218806717785568405929969512873985",271
"86183687183603793108320826266155603664391186218806717785568405931069024501761",272
"86183687183603793108320826266155603664391186218806717785568405932168536129537",273
"86183687183603793108320826266155603664391186218806717785568405933268047757313",274
"86183687183603793108320826266155603664391186218806717785568405940964629151745",281
"86183687183603793108320826266155603664391186218806717785568405934367559385089",275
"86183687183603793108320826266155603664391186218806717785568405935467071012865",276
"86183687183603793108320826266155603664391186218806717785568405936566582640641",277
"86183687183603793108320826266155603664391186218806717785568405937666094268417",278
"86183687183603793108320826266155603664391186218806717785568405938765605896193",279
"86183687183603793108320826266155603664391186218806717785568405939865117523969",280
"86183687183603793108320826266155603664391186218806717785568405942064140779521",282
"86183687183603793108320826266155603664391186218806717785568405943163652407297",283
"86183687183603793108320826266155603664391186218806717785568405944263164035073",284
"86183687183603793108320826266155603664391186218806717785568405945362675662849",285
"86183687183603793108320826266155603664391186218806717785568405946462187290625",286
"86183687183603793108320826266155603664391186218806717785568405947561698918401",287
"86183687183603793108320826266155603664391186218806717785568405948661210546177",288
"86183687183603793108320826266155603664391186218806717785568405949760722173953",289
"86183687183603793108320826266155603664391186218806717785568405950860233801729",290
"86183687183603793108320826266155603664391186218806717785568405951959745429505",291
"86183687183603793108320826266155603664391186218806717785568405953059257057281",292
"86183687183603793108320826266155603664391186218806717785568405954158768685057",293
"86183687183603793108320826266155603664391186218806717785568405955258280312833",294
"86183687183603793108320826266155603664391186218806717785568405956357791940609",295
"86183687183603793108320826266155603664391186218806717785568405957457303568385",296
"86183687183603793108320826266155603664391186218806717785568405958556815196161",297
"86183687183603793108320826266155603664391186218806717785568405959656326823937",298
"86183687183603793108320826266155603664391186218806717785568405960755838451713",299
"86183687183603793108320826266155603664391186218806717785568405961855350079489",300
"86183687183603793108320826266155603664391186218806717785568405962954861707265",301
"86183687183603793108320826266155603664391186218806717785568405964054373335041",302
"86183687183603793108320826266155603664391186218806717785568405965153884962817",303
"86183687183603793108320826266155603664391186218806717785568405966253396590593",304
"86183687183603793108320826266155603664391186218806717785568405967352908218369",305
"86183687183603793108320826266155603664391186218806717785568405968452419846145",306
"86183687183603793108320826266155603664391186218806717785568405969551931473921",307
"86183687183603793108320826266155603664391186218806717785568405970651443101697",308
"86183687183603793108320826266155603664391186218806717785568405971750954729473",309
"86183687183603793108320826266155603664391186218806717785568405972850466357249",310
"86183687183603793108320826266155603664391186218806717785568405973949977985025",311
"86183687183603793108320826266155603664391186218806717785568405975049489612801",312
"86183687183603793108320826266155603664391186218806717785568405976149001240577",313
"86183687183603793108320826266155603664391186218806717785568405977248512868353",314
"86183687183603793108320826266155603664391186218806717785568405978348024496129",315
"86183687183603793108320826266155603664391186218806717785568405979447536123905",316
"86183687183603793108320826266155603664391186218806717785568405980547047751681",317
"86183687183603793108320826266155603664391186218806717785568405981646559379457",318
"86183687183603793108320826266155603664391186218806717785568405982746071007233",319
"86183687183603793108320826266155603664391186218806717785568405983845582635009",320
"86183687183603793108320826266155603664391186218806717785568405984945094262785",321
"86183687183603793108320826266155603664391186218806717785568405986044605890561",322
"86183687183603793108320826266155603664391186218806717785568405987144117518337",323
"86183687183603793108320826266155603664391186218806717785568405988243629146113",324
"86183687183603793108320826266155603664391186218806717785568405989343140773889",325
"86183687183603793108320826266155603664391186218806717785568405990442652401665",326
"86183687183603793108320826266155603664391186218806717785568405991542164029441",327
"86183687183603793108320826266155603664391186218806717785568405992641675657217",328
"86183687183603793108320826266155603664391186218806717785568405993741187284993",329
"86183687183603793108320826266155603664391186218806717785568405994840698912769",330
"86183687183603793108320826266155603664391186218806717785568405995940210540545",331
"86183687183603793108320826266155603664391186218806717785568405997039722168321",332
"86183687183603793108320826266155603664391186218806717785568405998139233796097",333
"86183687183603793108320826266155603664391186218806717785568405999238745423873",334
"86183687183603793108320826266155603664391186218806717785568406000338257051649",335
"86183687183603793108320826266155603664391186218806717785568406001437768679425",336
"86183687183603793108320826266155603664391186218806717785568406002537280307201",337
"86183687183603793108320826266155603664391186218806717785568406003636791934977",338
"86183687183603793108320826266155603664391186218806717785568406004736303562753",339
"86183687183603793108320826266155603664391186218806717785568406005835815190529",340
"86183687183603793108320826266155603664391186218806717785568406006935326818305",341
"86183687183603793108320826266155603664391186218806717785568406008034838446081",342
"86183687183603793108320826266155603664391186218806717785568406009134350073857",343
"86183687183603793108320826266155603664391186218806717785568406010233861701633",344
"86183687183603793108320826266155603664391186218806717785568406011333373329409",345
"86183687183603793108320826266155603664391186218806717785568406012432884957185",346
"86183687183603793108320826266155603664391186218806717785568406013532396584961",347
"86183687183603793108320826266155603664391186218806717785568406014631908212737",348
"86183687183603793108320826266155603664391186218806717785568406015731419840513",349
"86183687183603793108320826266155603664391186218806717785568406016830931468289",350
"86183687183603793108320826266155603664391186218806717785568406017930443096065",351
"86183687183603793108320826266155603664391186218806717785568406019029954723841",352
"86183687183603793108320826266155603664391186218806717785568406020129466351617",353
"86183687183603793108320826266155603664391186218806717785568406021228977979393",354
"86183687183603793108320826266155603664391186218806717785568406022328489607169",355
"86183687183603793108320826266155603664391186218806717785568406023428001234945",356
"86183687183603793108320826266155603664391186218806717785568406024527512862721",357
"86183687183603793108320826266155603664391186218806717785568406025627024490497",358
"86183687183603793108320826266155603664391186218806717785568406026726536118273",359
"86183687183603793108320826266155603664391186218806717785568406027826047746049",360
"86183687183603793108320826266155603664391186218806717785568406028925559373825",361
"86183687183603793108320826266155603664391186218806717785568406030025071001601",362
"86183687183603793108320826266155603664391186218806717785568406031124582629377",363
"86183687183603793108320826266155603664391186218806717785568406032224094257153",364
"86183687183603793108320826266155603664391186218806717785568406033323605884929",365
"86183687183603793108320826266155603664391186218806717785568406034423117512705",366
"86183687183603793108320826266155603664391186218806717785568406035522629140481",367
"86183687183603793108320826266155603664391186218806717785568406036622140768257",368
"86183687183603793108320826266155603664391186218806717785568406037721652396033",369
"86183687183603793108320826266155603664391186218806717785568406038821164023809",370
"86183687183603793108320826266155603664391186218806717785568406039920675651585",371
"86183687183603793108320826266155603664391186218806717785568406041020187279361",372
"86183687183603793108320826266155603664391186218806717785568406042119698907137",373
"86183687183603793108320826266155603664391186218806717785568406043219210534913",374
"86183687183603793108320826266155603664391186218806717785568406044318722162689",375
"86183687183603793108320826266155603664391186218806717785568406045418233790465",376
"86183687183603793108320826266155603664391186218806717785568406046517745418241",377
"86183687183603793108320826266155603664391186218806717785568406047617257046017",378
"86183687183603793108320826266155603664391186218806717785568406048716768673793",379
"86183687183603793108320826266155603664391186218806717785568406049816280301569",380
"86183687183603793108320826266155603664391186218806717785568406050915791929345",381
"86183687183603793108320826266155603664391186218806717785568406052015303557121",382
"86183687183603793108320826266155603664391186218806717785568406053114815184897",383
"86183687183603793108320826266155603664391186218806717785568406054214326812673",384
"86183687183603793108320826266155603664391186218806717785568406055313838440449",385
"86183687183603793108320826266155603664391186218806717785568406056413350068225",386
"86183687183603793108320826266155603664391186218806717785568406065209443090433",394
"86183687183603793108320826266155603664391186218806717785568406057512861696001",387
"86183687183603793108320826266155603664391186218806717785568406058612373323777",388
"86183687183603793108320826266155603664391186218806717785568406059711884951553",389
"86183687183603793108320826266155603664391186218806717785568406060811396579329",390
"86183687183603793108320826266155603664391186218806717785568406061910908207105",391
"86183687183603793108320826266155603664391186218806717785568406063010419834881",392
"86183687183603793108320826266155603664391186218806717785568406064109931462657",393
"86183687183603793108320826266155603664391186218806717785568406066308954718209",395
"86183687183603793108320826266155603664391186218806717785568406067408466345985",396
"86183687183603793108320826266155603664391186218806717785568406068507977973761",397
"86183687183603793108320826266155603664391186218806717785568406069607489601537",398
"86183687183603793108320826266155603664391186218806717785568406070707001229313",399
"86183687183603793108320826266155603664391186218806717785568406071806512857089",400
"86183687183603793108320826266155603664391186218806717785568406072906024484865",401
"86183687183603793108320826266155603664391186218806717785568406074005536112641",402
"86183687183603793108320826266155603664391186218806717785568406075105047740417",403
"86183687183603793108320826266155603664391186218806717785568406076204559368193",404
"86183687183603793108320826266155603664391186218806717785568406077304070995969",405
"86183687183603793108320826266155603664391186218806717785568406078403582623745",406
"86183687183603793108320826266155603664391186218806717785568406079503094251521",407
"86183687183603793108320826266155603664391186218806717785568406080602605879297",408
"86183687183603793108320826266155603664391186218806717785568406081702117507073",409
"86183687183603793108320826266155603664391186218806717785568406082801629134849",410
"86183687183603793108320826266155603664391186218806717785568406083901140762625",411
"86183687183603793108320826266155603664391186218806717785568406085000652390401",412
"86183687183603793108320826266155603664391186218806717785568406086100164018177",413
"86183687183603793108320826266155603664391186218806717785568406087199675645953",414
"86183687183603793108320826266155603664391186218806717785568406088299187273729",415
"86183687183603793108320826266155603664391186218806717785568406089398698901505",416
"86183687183603793108320826266155603664391186218806717785568406090498210529281",417
"86183687183603793108320826266155603664391186218806717785568406091597722157057",418
"86183687183603793108320826266155603664391186218806717785568406092697233784833",419
"86183687183603793108320826266155603664391186218806717785568406093796745412609",420
"86183687183603793108320826266155603664391186218806717785568406094896257040385",421
"86183687183603793108320826266155603664391186218806717785568406095995768668161",422
"86183687183603793108320826266155603664391186218806717785568406097095280295937",423
"86183687183603793108320826266155603664391186218806717785568406098194791923713",424
"86183687183603793108320826266155603664391186218806717785568406099294303551489",425
"86183687183603793108320826266155603664391186218806717785568406100393815179265",426
"86183687183603793108320826266155603664391186218806717785568406101493326807041",427
"86183687183603793108320826266155603664391186218806717785568406102592838434817",428
"86183687183603793108320826266155603664391186218806717785568406103692350062593",429
"86183687183603793108320826266155603664391186218806717785568406104791861690369",430
"86183687183603793108320826266155603664391186218806717785568406105891373318145",431
"86183687183603793108320826266155603664391186218806717785568406106990884945921",432
"86183687183603793108320826266155603664391186218806717785568406108090396573697",433
"86183687183603793108320826266155603664391186218806717785568406109189908201473",434
"86183687183603793108320826266155603664391186218806717785568406110289419829249",435
"86183687183603793108320826266155603664391186218806717785568406111388931457025",436
"86183687183603793108320826266155603664391186218806717785568406112488443084801",437
"86183687183603793108320826266155603664391186218806717785568406113587954712577",438
"86183687183603793108320826266155603664391186218806717785568406114687466340353",439
"86183687183603793108320826266155603664391186218806717785568406116886489595905",441
"86183687183603793108320826266155603664391186218806717785568406117986001223681",442
"86183687183603793108320826266155603664391186218806717785568406119085512851457",443
"86183687183603793108320826266155603664391186218806717785568406120185024479233",444
"86183687183603793108320826266155603664391186218806717785568406121284536107009",445
"86183687183603793108320826266155603664391186218806717785568406122384047734785",446
"86183687183603793108320826266155603664391186218806717785568406123483559362561",447
"86183687183603793108320826266155603664391186218806717785568406124583070990337",448
"86183687183603793108320826266155603664391186218806717785568406125682582618113",449
"86183687183603793108320826266155603664391186218806717785568406126782094245889",450
"86183687183603793108320826266155603664391186218806717785568406127881605873665",451
"86183687183603793108320826266155603664391186218806717785568406128981117501441",452
"86183687183603793108320826266155603664391186218806717785568406130080629129217",453
"86183687183603793108320826266155603664391186218806717785568406131180140756993",454
"86183687183603793108320826266155603664391186218806717785568406132279652384769",455
"86183687183603793108320826266155603664391186218806717785568406133379164012545",456
"86183687183603793108320826266155603664391186218806717785568406134478675640321",457
"86183687183603793108320826266155603664391186218806717785568406135578187268097",458
"86183687183603793108320826266155603664391186218806717785568406136677698895873",459
"86183687183603793108320826266155603664391186218806717785568406137777210523649",460
"86183687183603793108320826266155603664391186218806717785568406138876722151425",461
"86183687183603793108320826266155603664391186218806717785568406139976233779201",462
"86183687183603793108320826266155603664391186218806717785568406141075745406977",463
"86183687183603793108320826266155603664391186218806717785568406142175257034753",464
"86183687183603793108320826266155603664391186218806717785568406143274768662529",465
"86183687183603793108320826266155603664391186218806717785568406144374280290305",466
"86183687183603793108320826266155603664391186218806717785568406145473791918081",467
"86183687183603793108320826266155603664391186218806717785568406146573303545857",468
"86183687183603793108320826266155603664391186218806717785568406147672815173633",469
"86183687183603793108320826266155603664391186218806717785568406148772326801409",470
"86183687183603793108320826266155603664391186218806717785568406149871838429185",471
"86183687183603793108320826266155603664391186218806717785568406150971350056961",472
"86183687183603793108320826266155603664391186218806717785568406152070861684737",473
"86183687183603793108320826266155603664391186218806717785568406153170373312513",474
"86183687183603793108320826266155603664391186218806717785568406154269884940289",475
"86183687183603793108320826266155603664391186218806717785568406155369396568065",476
"86183687183603793108320826266155603664391186218806717785568406156468908195841",477
"86183687183603793108320826266155603664391186218806717785568406157568419823617",478
"86183687183603793108320826266155603664391186218806717785568406158667931451393",479
"86183687183603793108320826266155603664391186218806717785568406159767443079169",480
"86183687183603793108320826266155603664391186218806717785568406160866954706945",481
"86183687183603793108320826266155603664391186218806717785568406161966466334721",482
"86183687183603793108320826266155603664391186218806717785568406163065977962497",483
"86183687183603793108320826266155603664391186218806717785568406164165489590273",484
"86183687183603793108320826266155603664391186218806717785568406165265001218049",485
"86183687183603793108320826266155603664391186218806717785568406166364512845825",486
"86183687183603793108320826266155603664391186218806717785568406167464024473601",487
"86183687183603793108320826266155603664391186218806717785568406168563536101377",488
